<beans xmlns="http://www.springframework.org/schema/beans"
	xmlns:context="http://www.springframework.org/schema/context"
	xmlns:mvc="http://www.springframework.org/schema/mvc"  
	xmlns:xsi="http://www.w3.org/2001/XMLSchema-instance"
	xsi:schemaLocation="http://www.springframework.org/schema/mvc
	http://www.springframework.org/schema/mvc/spring-mvc-3.0.xsd
	http://www.springframework.org/schema/beans 
      http://www.springframework.org/schema/beans/spring-beans-3.0.xsd 
      http://www.springframework.org/schema/context 
      http://www.springframework.org/schema/context/spring-context-3.0.xsd">

	<context:component-scan base-package="com.kscodes.sampleproject" />
	<mvc:annotation-driven />

    <bean id="mongo" class="org.springframework.data.mongodb.core.MongoFactoryBean">
        <property name="host" value="localhost" />
    </bean>     

    <bean id="mongoTemplate" class="org.springframework.data.mongodb.core.MongoTemplate"> 
        <constructor-arg name="mongo" ref="mongo" />
        <constructor-arg name="databaseName" value="myCollection" />
   </bean>

   <bean id="loginDAO" class="com.kscodes.sampleproject.controller.LoginDAOimpl" />
   
   <bean id="myUserDetailServices" 
         class="com.kscodes.sampleproject.model.MyUserDetailServices" />
                     
         
	<bean
		class="org.springframework.web.servlet.view.InternalResourceViewResolver">
		<property name="prefix">
			<value>/WEB-INF/jsp/</value>
		</property>
		<property name="suffix">
			<value>.jsp</value>
		</property>
	</bean>
</beans>