<beans:beans xmlns="http://www.springframework.org/schema/security"
	xmlns:beans="http://www.springframework.org/schema/beans" 
	xmlns:xsi="http://www.w3.org/2001/XMLSchema-instance"
	xsi:schemaLocation="http://www.springframework.org/schema/beans
	http://www.springframework.org/schema/beans/spring-beans-3.0.xsd
	http://www.springframework.org/schema/security
	http://www.springframework.org/schema/security/spring-security-3.2.xsd">
	
	<!-- enable @PreAuthorize and PostAuthorize -->
	<global-method-security pre-post-annotations="enabled" />

	<http auto-config="false" use-expressions="true" >
	
        <!-- all privilege can access login page -->
	    <intercept-url pattern="/login" access="permitAll" />
	    
	    <!-- all privilege can access add page, exception ADMIN privilege -->
	    <intercept-url pattern="/add" access="hasRole('ROLE_ADMIN')" />
	    
	    <!-- Root privilege and Admin privilege can only access action2 page -->
	    <intercept-url pattern="/user" access="!hasRole('ROLE_ADMIN')" />	   	 
	    
	    <!-- Root privilege can only access action3 page  -->
	    <intercept-url pattern="/action3" access="hasRole('ROLE_ROOT')" />
	       
	    
		<!--  <intercept-url pattern="/login" access="permitAll" />  -->
		
		<form-login login-page="/login"
		            default-target-url="/success"
		            authentication-failure-url="/denied" 
		            username-parameter="j_username"
		            password-parameter="j_password"/>
		<logout     logout-success-url="/logout" />
		   
	</http>
	
	<authentication-manager alias="authenticationManager">
	  <authentication-provider user-service-ref="myUserDetailServices">
	   <password-encoder hash="plaintext" > </password-encoder>
	  </authentication-provider>
	</authentication-manager>

</beans:beans>